title,url,content
"Samsung Buka “Jendela” Lebih Lebar, Nightography Galaxy S26 Ultra Naik Level",http://tekno.kompas.com/read/2026/02/28/13030077/samsung-buka-jendela-lebih-lebar-nightography-galaxy-s26-ultra-naik-level,"KOMPAS.com – Di atas kertas, spesifikasi kamera Samsung Galaxy S26 Ultra memang terlihat ""kembar"" dengan sang kakak, Galaxy S25 Ultra. Kedua ponsel ini sama-sama dibekali empat kamera belakang, terdiri dari kamera utama 200 MP, kamera telefoto 10 MP, kamera periskop telefoto 50 MP, dan kamera ultrawide 50 MP. Di bagian depan, terdapat kamera selfie 12 MP. Namun, jangan buru-buru menyimpulkan kemampuannya jalan di tempat. Meski angka resolusinya tak berubah, Samsung berani menjanjikan lonjakan kualitas foto dan video yang signifikan pada jagoan barunya ini. Peningkatan tersebut diklaim paling terasa saat diajak membidik objek di kondisi minim cahaya atau malam hari,  yang kerap mereka pamerkan sebagai fitur Nightography. Bila konfigurasi resolusinya tampak serupa, lantas apa ""senjata rahasia"" di balik semakin tajamnya jepretan malam Galaxy S26 Ultra? Salah satu peningkatan utama terletak pada aspek hardware, khususnya bukaan lensa (aperture). Kamera utama 200 MP di Galaxy S26 Ultra kini memiliki aperture f/1.4, lebih lebar dibanding generasi sebelumnya yang berada di f/1.7. Samsung mengeklaim bukaan ini memungkinkan sensor menangkap hingga sekitar 47 persen lebih banyak cahaya. Semakin besar bukaan lensa, maka semakin banyak cahaya yang masuk ke sensor. Bukaan lensa ini bisa diibaratkan sebagai jendela yang dibuka lebih lebar, di mana dalam kondisi ini ruangan akan menerima lebih banyak cahaya. Dalam konteks kamera, hal ini membuat hasil foto dan video malam terlihat lebih terang sekaligus membantu menekan noise. Peningkatan juga hadir pada kamera periskop telefoto 50 MP. Aperture-nya kini berada di angka f/2.9, lebih lebar dibanding pendahulunya yang memiliki aperture f/3.4. Samsung menyebut peningkatan ini memungkinkan kamera tersebut menangkap sekitar 37 persen lebih banyak cahaya. Dengan asupan cahaya yang lebih besar, kualitas foto malam, termasuk saat menggunakan zoom, diklaim menjadi lebih terang dan detail. KOMPAS.com/ Galuh Putri Riyanto Kamera Samsung Galaxy S26 Ultra (kiri) di-upgrade dengan bukaan lensa yang makin lebar. Alhasil, lebih bisa diandalkan untuk merekam atau memotret di kondisi low light. Selain bukaan lensa kamera, Samsung juga meningkatkan aspek pemrosesan gambar melalui chipset Snapdragon 8 Elite Gen 5 for Galaxy yang digunakan di Galaxy S26 Ultra."
Upgrade Kamera Samsung S26 Ultra Ini Pasti Bikin Anak Konser Happy,http://tekno.kompas.com/read/2026/02/27/14010047/upgrade-kamera-samsung-s26-ultra-ini-pasti-bikin-anak-konser-happy,"KOMPAS.com - Samsung Galaxy S26 Ultra resmi debut global dengan beragam pembaruan, termasuk pembaruan di aspek kamera yang makin terang. Ini berkat bukaan lensa atau aperture kamera utama dan kamera telephoto 50 MP zoom optis 5x yang dibuat makin lebih lebar. Peningkatan ini tidak mengubah resolusi atau menambah jumlah kamera. Namun untuk pengguna yang gemar berburu momen malam hari atau di kondisi minim cahaya (low light), dari konser hingga cityscape, perubahan kecil pada angka f-stop ini bisa menjadi alasan upgrade yang cukup menggoda. Berikut alasannya. KOMPAS.com/ Lely Maulida Bukaan lensa atau aperture kamera utama dan kamera telephoto 50 MP zoom optis 5x yang dibikin makin lebih lebar. Jika pada Galaxy S25 Ultra kamera utama 200 MP memiliki aperture f/1.7, kini Galaxy S26 Ultra hadir dengan aperture f/1.4. Secara angka terlihat turun, lebih kecil tiga persepuluh. Namun dalam dunia fotografi, perubahan kecil pada f-stop bisa berarti peningkatan cahaya yang signifikan. Sederhananya, aperture adalah ukuran bukaan lensa yang menentukan seberapa banyak cahaya masuk ke sensor kamera. Semakin kecil angka f-stop, semakin besar bukaan lensanya, dan semakin banyak cahaya yang bisa ditangkap. Dengan aperture f/1.4, kamera 200 MP Galaxy S26 Ultra mampu menangkap sekitar 47 persen lebih banyak cahaya dibanding pendahulunya. Peningkatan serupa juga terjadi pada kamera telephoto 50 MP yang kini menggunakan aperture f/2.9. Ini naik kelas dari sebelumnya f/3.4. Dengan bukaan lensa yang lebih lebar, kamera zoom optis 5x Samsung S26 Ultra ini jadi bisa menangkap cahaya sekitar 37 persen lebih banyak. Dalam fotografi digital, cahaya adalah informasi. Semakin banyak cahaya yang diterima sensor, semakin banyak data yang bisa diolah oleh ISP atau image signal processor di dalam chipset. Nah, di sinilah chipset yang ditanam dalam Samsung S26 Ultra memainkan peranan yang penting. KOMPAS.com/ Lely Maulida Samsung Galaxy S26 Ultra ditenagai chipset Qualcomm Snapdragon 8 Elite Gen 5 for Galaxy. Setiap kali pengguna menekan tombol shutter, kamera sebenarnya tidak langsung menghasilkan foto jadi. Sensor lebih dulu menangkap cahaya dalam bentuk data mentah."
Ini Fitur Favorit Bernadya di Samsung Galaxy S26 Ultra,http://tekno.kompas.com/read/2026/02/27/06313527/ini-fitur-favorit-bernadya-di-samsung-galaxy-s26-ultra,"SAN FRANCISCO, KOMPAS.com - Fitur layar anti-intip atau disebut Privacy Display di Samsung Galaxy S26 Ultra jadi fitur andalan musisi Bernadya Ribka Jayakusuma. Hal tersebut diungkapkan Bernadya usai gelaran Galaxy Unpacked di Palace of Fine Arts, San Francisco, California, AS. Privacy Display merupakan fitur yang dapat memblokir tampilan dari penglihatan orang lain, dengan cara membuat layar menjadi gelap ketika dilihat dari samping, tetapi tetap terang dari hadapan pengguna. Fitur ini diklaim merupakan yang pertama, sehingga Samsung mengeklaim bahwa Galaxy S26 Ultra merupakan smartphone pertama di dunia yang dibekali fitur tersebut. Bagi Bernadya, Privacy Display menjadi fitur favoritnya setelah mencoba langsung kemampuannya. ""Aku paling suka Privacy Display karena orang di sebelah enggak bisa tahu apa yang lagi dibuka,"" kata Bernadya kepada KompasTekno, Kamis (26/2/2026). Pelantun lagu ""Untungnya"" ini juga menuturkan bahwa fitur Privacy Display di Samsung S26 Ultra sudah tertanam di layar perangkat, sehingga tidak perlu menambahkan aksesori terpisah macam tempered glass anti-spy. Menurut Bernadya, fitur itu sangat berguna ketika sedang di tempat umum. ""Fitur itu sangat cocok untuk aku yang sering mendadak terpikirkan menulis lagu saat di tempat umum. Kalau aku paranoid dilihatin orang, aku tinggal aktifin,"" ungkapnya. Fitur Privacy Display merupakan fitur eksklusif di Galaxy S26 Ultra. Sebab, dua saudaranya yakni Galaxy S26 dan Galaxy S26 Ultra tidak kebagian fitur serupa. Menurut Ilham Indrawan, MX Product Marketing Senior Manager Samsung Electronics Indonesia, fitur Privacy Display ditunjang oleh dua struktur piksel layar, yakni narrow dan wide pixel. Kompas.com/Lely Maulida Ilustrasi struktur layar yang menunjang fitur Privacy Display di Samsung Galaxy S26 Ultra Ketika fitur Privacy Display aktif, layar ponsel hanya menjalankan narrow pixel saja, sementara wide pixel-nya dimatikan. ""Dampaknya, tampilannya hanya bisa dilihat dari satu sisi atas saja, atau sisi depan layarnya. (Sisi) Kanan, kiri, atas, bawahnya justru enggak bisa lihat,"" kata Ilham dalam sesi interview online dengan media yang menghadiri Galaxy Unpacked. Sementara saat fitur Privacy Display dinonaktifkan, layar Samsung S26 Ultra menjalankan dua struktur piksel sekaligus. Karena itu pengguna bisa melihat tampilannya dari berbagai sisi. Menurut Ilham, struktur itu hanya didukung oleh layar Galaxy S26 Ultra saja, tidak mencakup dua saudaranya. Selain memblokir layar secara menyeluruh dari pandangan orang lain, fitur ini juga bisa memberikan tirai privasi ke tampilan notifikasi saja. Dengan begitu, orang lain tidak akan melihat atau membaca notifikasi yang muncul di tengah penggunaan ponsel. Samsung juga memungkinkan pengguna untuk mengatur aplikasi mana saja yang ingin tampilannya ""disembunyikan"" dari orang lain. Misalnya hanya aplikasi tertentu, seperti aplikasi pesan instan, media sosial atau aplikasi lainnya. Bahkan, Privacy Display juga bisa dipasang ke aplikasi streaming, seperti Netflix, sehingga orang lain tidak bisa dengan mudah mengintip konten yang Anda tonton. Fitur Privacy Display tersedia dalam menu Pengaturan (Settings) layar. Fitur ini juga bisa dijangkau dari Quick Panel, berdampingan dengan media output hingga pengaturan tingkat kecerahan ponsel. A post shared by Tekno Kompas.com (@teknokompas)"
"Hands-on Samsung S26 Ultra Langsung di San Francisco, Banyak Upgrade yang ""Next Level""",http://tekno.kompas.com/read/2026/02/26/16150017/hands-on-samsung-s26-ultra-langsung-di-san-francisco-banyak-upgrade-yang-next,"SAN FRANCISCO, KOMPAS.com - Upgrade-nya enggak nanggung. Inilah impresi awal saya ketika menggenggam langsung Samsung Galaxy S26 Ultra di San Francisco, California, AS, kota berlangsungnya hajatan besar Galaxy Unpacked. Saya, jurnalis KOMPAS.com Lely Maulida, berkesempatan menggenggam HP flagship baru ini sesaat setelah diumumkan resmi secara global. Seperti tahun sebelumnya, versi Ultra menjadi model tertinggi di lini Galaxy S Series. Rasanya, posisi ini semakin mantap, karena Samsung menghadirkan banyak peningkatan yang menurut saya ""next level"", bukan sekadar ""gimmick"" atau bersifat dekoratif semata. Justru, peningkatan yang dibawa Samsung S26 Ultra terasa lebih fungsional dan praktikal untuk menunjang aktivitas sehari-hari. Desain adalah salah satu aspek yang dipermak Samsung. Kesan enteng cukup terasa ketika menggenggam Galaxy S26 Ultra, khususnya bila dibandingkan dengan ponsel yang saya yang gunakan sehari-hari. Galaxy S26 Ultra punya bobot sekitar 219 gram. Bila dibandingkan pendahulunya Galaxy S25 Ultra, bobot smartphone baru ini juga masih lebih ringan, karena bobot S25 Ultra adalah 218 gram. Perbedaan tersebut terjadi karena Samsung memilih memakai bingkai aluminium, tidak lagi titanium seperti sebelumnya. Menurut Verry Octavianus, MX Product Marketing Senior Manager, Samsung Electronics Indonesia, material aluminium terbilang lebih tahan panas. Selain itu, bahan tersebut juga memungkinkan ponsel berbobot lebih ringan. Kompas.com/Lely Maulida Samsung Galaxy S26 Ultra resmi meluncur di Galaxy Unpacked yang digelar di Palace of Fine Arts, San Francisco, Amerika Serikat pada Rabu (25/2/2026) Dimensi ponsel ini sendiri adalah 163,6 x 78,1 x 7,9 mm dengan bobot 214 gram. Ini tercatat lebih ringan dan lebih tipis dari pendahulunya yang memiliki dimensi 162,8 x 77,6 x 8,2 mm dan bobotnya 218 gram. Desain Galaxy S26 Ultra juga dibuat lebih membulat di keempat sudutnya, dibanding Samsung S25 Ultra. Hal ini membuat pengalaman menggenggam ponsel terasa nyaman karena sudutnya tidak tajam. Galaxy S26 Ultra kini hadir dengan desain kamera yang agak berbeda dari pendahulunya. Rumah kameranya didesain lebih minimalis, karena memiliki bingkai kapsul berwarna senada dengan kelir penampang ponsel. Konsep tersebut membuatnya berbeda dari Galaxy S25 Ultra karena tidak memiliki bingkai menyerupai kapsul. Perbedaan ini membuat modul kamera Galaxy S26 Ultra agak lebih minimalis, karena setiap kameranya seolah menyatu dengan penampang ponsel. Di Galaxy S25 Ultra, setiap kamera dibekali bingkai tebal, seingga tampilan kameranya terlihat lebih kontras. Perbedaan itu juga membuat Galaxy S26 Ultra lebih mudah dibedakan dengan Galaxy S25 Ultra, khususnya ketika disandingkan secara fisik. Layar Privacy Display di Samsung S16 Ultra menjadi salah satu ""bintang utama"" HP flagship ini."
"Trio Samsung S26 Jadi Galaxy AI Phone Generasi Ketiga, Ini 10 Fitur Barunya",http://tekno.kompas.com/read/2026/02/26/14590097/trio-samsung-s26-jadi-galaxy-ai-phone-generasi-ketiga-ini-10-fitur-barunya,"KOMPAS.com - Samsung Galaxy S26, Galaxy S26 Plus, dan Galaxy S26 Ultra resmi debut global pada Rabu (25/2/2026). Jurnalis KOMPAS.com Lely Maulida hadir langsung di hajatan Galaxy Unpacked yang digelar di San Francisco, California, Amerika Serikat. Pada generasi ketiganya, lini flagship ini masih mengusung identitas sebagai Galaxy AI Phone. Namun tahun ini pendekatannya berbeda. Jika sebelumnya AI lebih banyak hadir sebagai fitur asisten, kini Galaxy S26 series dirancang sebagai perangkat dengan pengalaman AI yang lebih proaktif, intuitif, dan agentic. Artinya mampu bertindak mewakili pengguna secara lebih mandiri dan kontekstual. Sejumlah fitur AI baru pun diperkenalkan. Mulai dari Gemini yang sekarang bisa bantu pesan ojek online secara mandiri, keyboard Samsung yang paham jadwal pengguna, hingga asisten yang mengatasi panggilan dari nomor tak dikenal. Selengkapnya, berikut KompasTekno rangkumkan fitur-fitur AI baru dan versi upgrade di Samsung S26 series. 9to5Google Dengan peran sebagai AI agent, Google Gemini bisa bantu pesankan ojek online secara mandiri hanya dengan perintah teks/suara. Salah satu pembaruan paling menonjol adalah kemampuan automasi aplikasi berbasis agen AI yang terintegrasi dengan Google Gemini. Fitur ini memungkinkan pengguna menyerahkan tugas multi-langkah hanya lewat satu perintah suara atau teks. Misalnya dengan mengatakan, “Pesankan Uber ke Palace of Fine Arts”, Gemini akan membuka aplikasi ojek online dalam jendela virtual, menelusuri opsi, memilih rute, hingga menyiapkan pesanan. Selama proses berlangsung, pengguna tetap bisa memakai ponsel untuk aktivitas lain. Progres tugas bisa dipantau lewat notifikasi real-time. 9to5Google Selama proses berlangsung, pengguna tetap bisa memakai ponsel untuk aktivitas lain. Progres tugas bisa dipantau lewat notifikasi real-time.
Yang menarik, pengguna tetap memegang kendali untuk menghentikan atau mengambil alih proses kapan saja. Jadi tidak ada cerita AI semena-mena booking dan melakukan transaksi di aplikasi ojek online. Fitur ini pertama kali hadir dalam versi beta di aplikasi Gemini pada Galaxy S26 series, dimulai di Amerika Serikat dan Korea Selatan. Pada tahap awal, automasi terbatas untuk aplikasi kategori makanan, belanja kebutuhan pokok, dan rideshare. KOMPAS.com/ Galuh Putri Riyanto Fitur ini berguna untuk menghindari telepon spam dan di saat yang bersamaan juga berguna untuk mengetahui telepon tak dikenal mana yang sebetulnya penting. Galaxy S26 series juga menghadirkan fitur baru Call Screening berbasis Galaxy AI. Ketika ada panggilan dari nomor tidak dikenal, AI bakal mengambil alih dengan bertanya kepada penelepon soal siapa nama dia dan apa keperluan dia menelepon. Semua interaksi AI dan penelepon nomor tak dikenal ini bakal muncul real-time di layar HP. Jadi pemilik ponsel bisa memahami siapa nomor tidak dikenal dan maksud dan tujuannya menelepon. Dari sini, pengguna jadi bisa memutuskan apakah perlu mengangkat panggilan tersebut atau tidak. Fitur ini berguna untuk menghindari telepon spam dan di saat yang bersamaan juga berguna untuk mengetahui telepon tak dikenal mana yang sebetulnya penting. Fitur Call Screening ini jadi pelengkap fitur Call Assist yang pertama kali debut di Galaxy S24 series. Dua tahun lalu, fitur ini hanya bisa digunakan untuk menerjemahkan panggilan dari bahasa asing. Kemudian di Galaxy S25 series di-update lagi dengan kemampuan merangkum sesi panggilan. KOMPAS.com/ Lely Maulida Fitur Now Nudge di Galaxy S26 series. Samsung memperkenalkan Now Nudge sebagai pengalaman Galaxy AI di keyboard Samsung yang paling intuitif sejauh ini."
"Di Balik Kecanggihan Privacy Display, Layar Anti-intip Samsung S26 Ultra",http://tekno.kompas.com/read/2026/02/26/14030017/di-balik-kecanggihan-privacy-display-layar-anti-intip-samsung-s26-ultra,"KOMPAS.com – Samsung memperkenalkan teknologi layar baru bernama Privacy Display di peluncuran seri Samsung Galaxy S26 Series di San Francisco, AS pada Rabu (25/2/2026) waktu setempat. Fitur ini dirancang untuk mencegah orang lain mengintip layar dari samping, atau yang kerap disebut shoulder surfing, terutama saat pengguna membuka pesan pribadi, e-mail kantor, atau aplikasi perbankan. Privacy Display, yang diklaim pertama di dunia di segmen smartphone, tersedia secara eksklusif di model tertinggi, yakni Samsung Galaxy S26 Ultra. Nah, berbeda dari lapisan anti-intip (anti-spy) berbahan plastik yang ditempel di atas layar, Privacy Display bekerja langsung di level panel. Teknologi ini merupakan fitur hardware-level yang tertanam di dalam layar dan mengatur bagaimana cahaya dipancarkan dari setiap piksel. Samsung Ilustrasi cara kerja Privacy Display yang mengandalkan Narrow Pixel dan Wide Pixel. Melansir PC Mag, secara teknis, Prvacy Diplay mengandalkan arsitetur piksel di layar yang disebut “Black Matrix”. Teknologi ini mengombinasikan dua jenis piksel, yaitu piksel sempit (narrow pixel) dan piksel lebar (wide pixel) yang biasa ada di layar konvensional. Saat mode privasi diaktifkan, sistem akan mengaktifkan narrow pixel untuk mempersempit jalur cahaya yang keluar dari setiap piksel gambar. Sehingga, cahaya hanya diarahkan lurus ke depan, tepat ke mata pengguna. Pada mode ini, jika layar dilihat dari sudut samping, tampilannya akan sangat redup dan sulit dibaca, bahkan terlihat seperti hampir mati. Android Headlines Ilustrasi cara kerja layar Privacy Display di Samsung S26 Ultra. Jurnalis KOMPAS.com, Lely Maulida yang menghadiri acara peluncuran Samsung S26 langsung di AS, sempat menjajal fitur Privacy Display ini. Keduanya kompak mengatakan Privacy Display bukan sekadar gimik, alias memang membuat layar Galaxy S26 Ultra hanya bisa dilihat dari depan dan tidak bisa dilihat dari samping kiri, kanan, atas, maupun bawah. Selain itu, warna yang ditampilkan layar, menurut mereka, juga terasa normal dan tidak ada pengurangan, sama tajam dan berwarna seperti biasanya. Nah, ketika mode privasi dimatikan, cara kerja Privacy Display akan dibalik. Di sini, piksel lebar akan bekerja bersama piksel sempit untuk menyebarkan cahaya ke berbagai arah seperti layar smartphone pada umumnya. A post shared by Tekno Kompas.com (@teknokompas) KOMPAS.com/Lely Maulida Salah satu fitur baru yang dibawa Galaxy S26 Ultra adalah Privacy Display alias anti-intip. Fitur ini terpasang secara built-in dan bisa diaktifkan/dinon-aktifkan sesuai kebutuhan. Privacy Display bisa diaktifkan dengan mudah melalui swipe-down Control Center dan satu ketukan."
"Samsung Galaxy S26 Ultra Punya Layar Anti-Spy, Gak Perlu Lagi Beli Screen Guard",http://tekno.kompas.com/read/2026/02/26/12350067/samsung-galaxy-s26-ultra-punya-layar-anti-spy-gak-perlu-lagi-beli-screen-guard,"KOMPAS.com - Samsung Galaxy S26 Ultra bikin pengguna tidak perlu repot-repot lagi beli kaca pelindung alias Screen Guard/Tempered Glass jenis anti spy dengan lapisan kaca gelap agar tidak mudah diintip. Sebab, ponsel flagship terbaru Samsung ini sudah dibekali layar dengan fitur anti spy bawaan, yang dijuluki Privacy Display. Dengan kehadiran fitur ini, Samsung S26 Ultra jadi HP pertama di dunia yang punya layar anti-intip bawaan. Secara umum, fungsi Privacy Display Samsung Galaxy S26 Ultra mirip seperti pelindung layar anti spy yang biasa dijual terpisah. Fitur itu dapat dapat mencegah orang lain di samping pengguna mengintip layar. Dengan Privacy Display, tampilan layar Samsung S26 Ultra bakal tetap jernih ketika dilihat dari depan, tetapi konten di dalamnya akan tersamarkan saat dipandang dari sisi kanan, kiri, bahkan atas dan bawah. Kompas.com/Lely Maulida Perbandingan layar Samsung Galaxy S26 Ultra yang bisa dilihat (kiri) dan tidak bisa dilihat dari samping (kanan) berkat fitur Privacy Display Secara teknis, Privacy Display bekerja dengan mempersempit arah pancaran cahaya yang keluar dari layar agar hanya menghadap langsung ke pengguna. Samsung menjelaskan bahwa teknologi ini memanfaatkan struktur ""Black Matrix"" untuk mempersempit jalur emisi tiap piksel, sehingga cahaya yang dipancarkan menjadi lebih terfokus dan tidak menyebar ke sudut samping. Dengan pendekatan tersebut, konten di layar tetap terlihat jelas dari depan, namun akan tampak gelap atau tersamarkan ketika dilihat dari kanan, kiri, atas, maupun bawah. Karena terintegrasi langsung ke panel layar, fitur ini tidak memerlukan aksesori tambahan seperti tempered glass atau lapisan filter privasi terpisah. Fitur Privacy Display bisa diakses dengan mudah via tampilan Control Center. Lebih lanjut, pengguna bisa mengatur tingkat perlindungan Privacy Display ini melalui menu pengaturan, termasuk mengaktifkannya secara selektif saat memasukkan PIN, pola, atau kata sandi, serta ketika notifikasi pop-up muncul. Fitur Privacy Display ini akan sangat berguna ketika pengguna berada di ruang publik, seperti transportasi umum, kafe, bandara, atau lift yang padat. Dalam kondisi ini, Privacy Display akan membuat orang asing di sekitar kita tak bisa mengintip isi layar. Fitur Privacy Display ditunjang oleh dua struktur piksel layar, yakni narrow dan wide pixel.Ketika fitur Privacy Display aktif, layar ponsel hanya menjalankan narrow pixel saja, sementara wide pixel-nya dimatikan. Sementara saat fitur Privacy Display mati, layar Samsung S26 Ultra menjalankan dua struktur piksel sekaligus sehingga tampilannya bisa dilihat dari berbagai sisi. Selain memblokir layar secara menyeluruh dari pandangan orang lain, fitur ini juga bisa memberikan tirai privasi ke tampilan notifikasi saja. Dengan begitu, orang lain tidak akan melihat atau membaca notifikasi yang muncul di tengah penggunaan ponsel. KOMPAS.com/Lely Maulida Salah satu fitur baru yang dibawa Galaxy S26 Ultra adalah Privacy Display alias anti-intip. Fitur ini terpasang secara built-in dan bisa diaktifkan/dinon-aktifkan sesuai kebutuhan. Samsung juga memungkinkan pengguna untuk mengatur aplikasi mana saja yang ingin tampilannya ""disembunyikan"" dari orang lain. Misalnya hanya aplikasi tertentu seperti aplikasi pesan instan, media sosial atau aplikasi lainnya. Bahkan, Privacy Display juga bisa dipasang ke aplikasi streaming seperti Netflix, sehingga orang lain tidak bisa dengan mudah mengintip konten yang kita tonton."
Samsung Galaxy S26 Ultra Akhirnya Bisa Fast Charging 60 Watt,http://tekno.kompas.com/read/2026/02/26/10010097/samsung-galaxy-s26-ultra-akhirnya-bisa-fast-charging-60-watt,"KOMPAS.com - Samsung akhirnya meningkatkan kecepatan pengisian daya pada ponsel flagship terbarunya, Galaxy S26 Ultra. Smartphone ini kini mendukung pengisian daya cepat 60 watt melalui kabel. Dukungan fast charging 60 watt tersebut membuat Galaxy S26 Ultra memiliki kecepatan pengisian lebih tinggi dibanding generasi sebelumnya. Pada Galaxy S25 Ultra, Samsung hanya memberikan support pengisian daya kabel 45 watt. Samsung Galaxy S26 Ultra sendiri dibekali baterai berkapasitas 5.000 mAh. Dengan dukungan fast charging 60 watt, baterai ponsel ini diklaim dapat terisi hingga sekitar 75 persen dalam waktu 30 menit saja. Sebagai perbandingan, dukungan pengisian daya 45 watt pada Galaxy S25 Ultra membutuhkan waktu lebih lama untuk mencapai kapasitas yang sama. Secara hitungan, kecepatan pengisian daya Galaxy S26 Ultra ini meningkat sekitar 33 persen. Dengan kecepatan pengisian tersebut, proses isi ulang baterai Galaxy S26 Ultra menjadi lebih cepat. Pengguna dapat mengisi daya ponsel, setidaknya sampai hampir penuh, hanya dalam waktu singkat. Peningkatan dukungan pengisian daya ini juga bisa memudahkan pengguna yang memiliki mobilitas tinggi. Pasalnya, ponsel dapat kembali digunakan dalam waktu yang relatif cepat, meski hanya diisi daya sebentar. Adapun selain mendukung fast charging via kabel, Galaxy S26 Ultra turut dilengkapi fitur pengisian daya nirkabel 25 watt. Dukungan ini tidak mengalami perubahan dibanding generasi sebelumnya, dan dapat dipakai sebagai alternatif pengisian tanpa kabel. Penting untuk dicatat bahwa untuk bisa menikmati kecepatan pengisian daya maksimal ini, pengguna harus menggunakan adaptor atau kepala charger yang sudah mendukung daya keluaran 60 watt. Samsung sudah sejak lama tidak memberikan kepala charger di dalam kotak kemasan, jadi pengguna harus membelinya secara terpisah. Kabar baiknya, Anda tidak diwajibkan untuk menggunakan charger orisinal keluaran Samsung. Adaptor keluaran merek pihak ketiga pun bisa digunakan selama memenuhi standar spesifikasi daya 60 watt dan menggunakan protokol pengisian cepat yang kompatibel. KOMPAS.com/Lely Maulida Samsung menggelar Galaxy Unpacked, Rabu (25/2/2026) waktu AS untuk merilis deretan produk baru. Samsung Galaxy S26 Ultra resmi meluncur global pada Rabu (25/2/2026), dalam acara Galaxy Unpacked yang digelar di Palace of Fine Arts, San Francisco, Amerika Serikat. Ponsel ini debut bersama dua model lainnya, yaitu Galaxy S26 ""reguler"" dan Galaxy S26 Plus. Dalam lini Galaxy 26 Series, Galaxy S26 Ultra sendiri dirancang sebagai model paling tinggi. Samsung S26 Ultra hadir dengan layar Dynamic AMOLED 2X 6,9 inci, resolusi QHD Plus serta kecepatan refresh adaptif hingga 120 Hz. Sebagai model tertinggi, Galaxy S26 Ultra dilengkapi dengan sejumlah fitur yang lebih mumpuni. Ini termasuk dalam hal desain, kamera, baterai, hingga fitur berbasis kecerdasan buatan (artificial intelligence/AI)."
"PO Samsung Galaxy S26, Link Promo dan Daftar Harganya",http://tekno.kompas.com/read/2026/02/26/06060087/po-samsung-galaxy-s26-link-promo-dan-daftar-harganya,"KOMPAS.com - Samsung akhirnya resmi membuka keran pemesanan (pre-order, PO) untuk lini flagship terbarunya, yakni Galaxy S26, S26 Plus, dan S26 Ultra di Indonesia. Trio jagoan baru ini baru saja diperkenalkan secara global dalam ajang bergengsi Galaxy Unpacked yang digelar di Palace of Fine Arts, San Francisco, Amerika Serikat, pada Rabu (25/2/2026) pagi waktu setempat. Masa pre-order di Tanah Air sudah resmi dimulai pada 26 Februari 2026 pukul 01.00 WIB dan akan ditutup pada 17 Maret 2026 pukul 23.59 WIB. Bagi Anda yang ganti HP selama masa pre-order, Samsung sudah menyiapkan sederet bonus menarik. Ada promo cicilan nol persen hingga program trade-in (tukar tambah) khusus bagi pengguna seri Galaxy S25, S24, dan S23 yang ingin naik kelas ke S26 series. Berikut rincian promo lengkapnya: Untuk mendapatkan promo, konsumen bisa PO Samsung Galaxy S26 series melalui situs resmi Samsung pada tautan berikut: Unit ponsel hasil pre-order dijadwalkan mulai dikirim ke tangan konsumen pada 6 Maret 2026. Jadwal pengiriman awal Maret ini tentu sangat pas bagi Anda yang ingin menjadikan S26 series sebagai daily driver baru saat Lebaran 2026. Ketiga model ini hadir dalam empat pilihan warna elegan: Cobalt Violet, White, Black, dan Sky Blue. Berikut adalah daftar harga resminya di Indonesia: A post shared by Tekno Kompas.com (@teknokompas) Sebagai kasta tertinggi, S26 Ultra membawa spesifikasi yang sangat garang. Layarnya menggunakan panel Dynamic AMOLED 2X berukuran 6,9 inci dengan resolusi QHD Plus dan refresh rate adaptif hingga 120 Hz. Layar ini juga dibekali teknologi dua struktur piksel (narrow dan wide pixel) untuk mendukung fitur Privacy Display, layar akan terlihat gelap gulita jika diintip dari samping, namun tetap tajam dan terang saat ditatap lurus oleh pengguna. Secara desain, sudut S26 Ultra kini dibuat lebih membulat (rounded) dibanding S25 Ultra. Yang Menarik, Samsung menanggalkan material titanium dan kembali menggunakan bingkai aluminium. Menurut Verry Octavianus, MX Product Marketing Senior Manager SEIN, keputusan ini diambil karena aluminium memiliki kemampuan meredam panas yang lebih baik. Selain itu membuat bobot perangkat susut menjadi 214 gram (lebih ringan dari S25 Ultra yang berbobot 218 gram). Dimensinya pun kini lebih tipis di angka 163,6 x 78,1 x 7,9 mm (sebelumnya 162,8 x 77,6 x 8,2 mm). Di sektor dapur pacu, ponsel ini ""diotaki"" SoC Snapdragon 8 Elite Gen 5 for Galaxy. Chip ini menjanjikan lonjakan performa CPU 19 persen, NPU 39 persen (untuk Galaxy AI), dan GPU 24 persen dibanding pendahulunya."
"Samsung Galaxy S26 Ultra, HP Pertama di Dunia dengan Layar Anti-intip Bawaan",http://tekno.kompas.com/read/2026/02/26/02415847/samsung-galaxy-s26-ultra-hp-pertama-di-dunia-dengan-layar-anti-intip-bawaan,"KOMPAS.com – Samsung Galaxy S26 Series resmi meluncur, Kamis (26/2026) di acara Galaxy Unpacked yang digelar di San Francisco, California, AS. Smartphone flagship ini dibekali dengan segudang fitur baru. Salah satu yang menarik perhatian adalah Privacy Display. Fitur yang debut di Galaxy S26 Ultra ini dirancang untuk membatasi sudut pandang layar dari samping tanpa perlu memasang lapisan pelindung tambahan. Artinya, tampilan layar tetap jernih ketika dilihat dari depan, tetapi konten di dalamnya akan tersamarkan saat dipandang dari sisi kanan, kiri, bahkan atas dan bawah. Konsep fitur ini persis dengan pelindung layar anti-intip yang selama ini dijual terpisah. Bedanya, teknologi ini terintegrasi langsung di Galaxy S26 Ultra alias terpasang secara bawaan (built-in), sehingga pengguna tidak perlu lagi memasang pelindung tambahan yang biasanya membuat layar lebih gelap atau mengganggu sensor sidik jari. CEO & Head of Device Experience Samsung, TM Roh mengeklaim Privacy Display di Galaxy S26 Series merupakan fitur yang pertama kali hadir di industri smartphone. ""Samsung Galaxy S26 Series hadir dengan teknologi Privacy Display pertama di dunia,"" kata TM Roh di atas panggung peluncuran Galaxy S26 Series. KOMPAS.com/Lely Maulida CEO & Head of Device Experience Samsung, TM Roh di atas panggung peluncuran Samsung Galaxy S26 Series yang digelar di an Francisco, California, AS, Kamis (26/2/2026) dini hari WIB. Secara teknis, Privacy Display bekerja dengan mempersempit arah pancaran cahaya yang keluar dari layar agar hanya menghadap langsung ke pengguna. Samsung menjelaskan bahwa teknologi ini memanfaatkan struktur ""Black Matrix"" untuk mempersempit jalur emisi tiap piksel, sehingga cahaya yang dipancarkan menjadi lebih terfokus dan tidak menyebar ke sudut samping. Dengan pendekatan tersebut, konten di layar tetap terlihat jelas dari depan, namun akan tampak gelap atau tersamarkan ketika dilihat dari kanan, kiri, atas, maupun bawah. Karena terintegrasi langsung ke panel layar, fitur ini tidak memerlukan aksesori tambahan seperti tempered glass atau lapisan filter privasi terpisah. KOMPAS.com/Lely Maulida Salah satu fitur baru yang dibawa Galaxy S26 Ultra adalah Privacy Display alias anti-intip. Fitur ini terpasang secara built-in dan bisa diaktifkan/dinon-aktifkan sesuai kebutuhan. Product Management Samsung Mobile, Rachel Roberts mengatakan fitur Privacy Display bisa diakses dengan mudah via tampilan Control Center. ""Selain itu, pengguna bisa menautkannya ke tombol samping melalui fungsi tekan dua kali (double-press) untuk akses yang lebih praktis, serta mengaktifkan Maximum Privacy Protection untuk perlindungan penuh,"" jelas Rachel di atas panggung Galaxy Unpacked. Lebih lanjut, pengguna bisa mengatur tingkat perlindungan Privacy Display ini melalui menu pengaturan, termasuk mengaktifkannya secara selektif saat memasukkan PIN, pola, atau kata sandi, serta ketika notifikasi pop-up muncul."
"Pre-order Samsung S26, S26 Plus, dan S26 Ultra di Indonesia Dibuka, Gratis Upgrade Memory",http://tekno.kompas.com/read/2026/02/26/01200087/pre-order-samsung-s26-s26-plus-dan-s26-ultra-di-indonesia-dibuka-gratis-upgrade,"SAN FRANCISCO, KOMPAS.com - Samsung resmi membuka keran pemesanan alias pre-order/PO Galaxy S26, S26 Plus, dan S26 Ultra di Indonesia. Trio ponsel flagship tersebut baru saja diperkenalkan secara global dalam acara Galaxy Unpacked yang digelar di Palace of Fine Arts, San Francisco, Amerika Serikat pada Rabu (25/2/2026) pagi atau Kamis (26/2/2026) dini hari WIB. Jurnalis KOMPAS.com, Lely Maulida meliput langsung Galaxy Unpacked di San Francisco untuk menyaksikan kelahiran Galaxy S26 Series. Periode pre-order berlangsung mulai 26 Februari 2026 pukul 01.00 WIB hingga 17 Maret 2026 pukul 23.59 WIB melalui situs resmi Samsung yang bisa diakses di tautan berikut: Konsumen yang melakukan pre-order akan memperoleh sejumlah bonus, mulai dari gratis upgrade memori hingga cashback rekanan bank sampai Rp 2 juta. Samsung juga menawarkan promo cicilan nol persen serta program trade-in bagi pengguna Galaxy S25 series, Galaxy S24 series, dan Galaxy S23 series yang ingin melakukan upgrade ke Galaxy S26 series, dengan benefit hingga Rp 1 juta. Adapun rincian promo selengkapnya meliputi: Adapun pengiriman unit pre-order dijadwalkan mulai 6 Maret 2026. Menurut Ilham Indrawan, MX Product Marketing Senior Manager Samsung Electronics Indonesia, pengiriman dimulai pada tanggal tersebut agar konsumen dapat segera menggunakan Galaxy S26 series saat Idul Fitri atau Lebaran 2026 yang diperkirakan jatuh sekitar 19 Maret 2026. ""Pengiriman akan dimulai tanggal 6 Maret 2026, sehingga konsumen bisa menerima unitnya lebih cepat. Sejak tanggal itu Galaxy S26 series juga mulai tersedia di toko offline,"" ujar Ilham dalam sesi wawancara bersama media dan pengulas gadget yang menghadiri Galaxy Unpacked di San Francisco, California, AS. Baik Samsung S26, Galaxy S26 Plus, maupun Galaxy S26 Ultra tersedia dalam empat pilihan warna, yaitu Cobalt Violet, White, Black, dan Sky Blue. A post shared by Tekno Kompas.com (@teknokompas) Kompas.com/Lely Maulida Samsung Galaxy S26 Ultra resmi meluncur di Galaxy Unpacked yang digelar di Palace of Fine Arts, San Francisco, Amerika Serikat pada Rabu (25/2/2026) Samsung S26 Ultra dibekali layar Dynamic AMOLED 2X berukuran 6,9 inci dengan resolusi QHD Plus dan refresh rate adaptif hingga 120 Hz. Layarnya mengusung dua struktur piksel, yakni narrow dan wide pixel, untuk mendukung fitur anti-intip Privacy Display. Fitur tersebut membuat tampilan layar terlihat gelap dari samping, namun tetap terang dan jelas saat dilihat langsung dari depan oleh pengguna."
"TWS Samsung Galaxy Buds 4 dan Buds 4 Pro Resmi, Desain Transparan dan Batang Aluminium",http://tekno.kompas.com/read/2026/02/26/01150037/tws-samsung-galaxy-buds-4-dan-buds-4-pro-resmi-desain-transparan-dan-batang,"SAN FRANCISCO, KOMPAS.com - Samsung resmi meluncurkan earbud True Wireless Stereo (TWS) Galaxy Buds 4 series dalam acara Galaxy Unpacked yang digelar di Palace of Fine Arts, San Francisco, California, Amerika Serikat. Jurnalis KOMPAS.com Lely Maulida meliput langsung Galaxy Unpacked yang digelar Rabu (25/2/2026) waktu setempat atau Kamis (26/2/2026) dini hari WIB. Galaxy Buds 4 series yang rilis bersama smartphone Galaxy S26 series ini hadir dalam dua model, mencakup Buds 4 ""reguler"" dan Buds 4 Pro. Perangkat ini merupakan suksesor dari Galaxy Buds 3 series yang rilis pada Juli 2024 silam. Galaxy Buds 4 series hadir dengan desain yang berbeda dari pendahulunya, khususnya dalam hal desain charging case perangkat. Kini charging case-nya didesain semi transparan, khususnya pada bagian penutupnya. Dukungan ini memungkinkan pengguna melihat keberadaan earbud dalam wadahnya. Selain itu, desain Galaxy Buds 4 series juga kembali kotak horizontal disertai sudut melengkung, persis Galaxy Buds 2 series. Agak berbeda dengan Buds 3 series yang mengusung desain kotak tetapi berorientasi vertikal atau diposisikan berdiri. Meski demikian, Galaxy Buds 4 series masih mempertahankan desain earbud berbatang seperti pendahulunya yang dihiasi bahan metal. Galaxy Buds 4 series mengunggulkan peningkatan kualitas suara hi-fi, Active Noise Cancellation (ANC) yang lebih stabil, serta fitur berbasis AI untuk penggunaan sehari-hari. “Galaxy Buds 4 Series dilengkapi speaker dua arah dengan area getaran lebih luas, Dual Amplifier, Adaptive ANC, dan dukungan Ultra High Quality Audio,"" kata Product Management Samsung, Andrew Short di panggung Galaxy Unpacked. ""Kombinasi ini mampu menghadirkan suara yang lebih jernih, jelas, dalam, dan kaya akan detail,"" klaim Short. KOMPAS.com/Lely Maulida Product Management Samsung, Andrew Short saat mengumumkan TWS Samsung Galaxy Buds 4 dan Buds 4 Pro di acara Galaxy Unpacked di San Francisco, Kamis (26/2/2026) dini hari WIB. Galaxy Buds 4 Pro hadir dengan desain in-ear menggunakan ear tip silikon. Sementara Galaxy Buds 4 mengusung desain open ear tanpa ear tip. Desain in-ear pada versi Pro pada dasarnya akan mengisolasi suara dengan lebih baik. Meski demikian, Samsung menyebut kedua model sama-sama mengalami peningkatan stabilitas dan reliabilitas ANC dibanding generasi sebelumnya. Perusahaan tidak menonjolkan angka pengurangan desibel, tetapi mengklaim peningkatan ANC akan terasa langsung saat digunakan."
"Resmi, Ini Harga Samsung Galaxy S26 Ultra, S26+, dan S26 di Indonesia",http://tekno.kompas.com/read/2026/02/26/01100077/resmi-ini-harga-samsung-galaxy-s26-ultra-s26-dan-s26-di-indonesia,"SAN FRANCISCO, KOMPAS.com - Samsung akhirnya resmi meluncurkan trio ponsel flagship Galaxy S26 series. Ponsel ini debut global dalam acara Galaxy Unpacked yang digelar di Palace of Fine Arts, San Francisco, Amerika Serikat pada Rabu (25/2/2026) atau Kamis (26/2/2026) pukul dini hari WIB. Jurnalis KOMPAS.com Lely Maulida meliput langsung hajatan besar Samsung tersebut di San Francisco. Samsung S26 series hadir dalam tiga model, mencakup Galaxy S26 ""reguler"", Galaxy S26 Plus dan Galaxy S26 Ultra. Bersamaan dengan peluncuran global, Samsung langsung membuka keran pemesanan (pre-order/PO) tiga ponsel andalannya itu bagi konsumen di Indonesia. Pre Order dibuka mulai tanggal 26 Februari 2026 pukul 01.00 WIB hingga 17 Maret 2026 pukul 23.59 WIB, di situs resmi Samsung. PO Samsung S26, S26 Plus, dan S26 Ultra bisa dilakukan di laman resmi Samsung dengan mengakses tautan berikut: Namun pengiriman unit PO akan dimulai dari tanggal 6 Maret 2026. Menurut Ilham Indrawan, MX Product Marketing Senior Manager Samsung Electronics Indonesia, pengiriman dilakukan sejak tanggal tersebut agar konsumen bisa segera menggunakan Galaxy S26 series saat hari raya Idul Fitri atau lebaran 2026 tiba, yakni sekitar 19 Maret 2026. ""Pengiriman akan dimulai tanggal 6 Maret 2026, sehingga konsumen bisa menerima unitnya lebih cepat. Sejak tanggal itu Galaxy S26 series juga mulai tersedia di toko offline,"" kata Ilham dalam sesi wawancara dengan media yang dan pengulas gadget yang menghadiri Galaxy Unpacked di San Francisco, California AS. Dalam kesempatan yang sama, Ilham juga mengungkap daftar harga Samsung Galaxy S26 series di Indonesia. Rinciannya sebagai berikut: Baik Samsung S26, Galaxy S26 Plus maupun Galaxy S26 Ultra, masing-masing hadir dalam empat opsi warna, yaitu Cobalt Violet, White, Black, dan Sky Blue. Konsumen yang melakukan PO, akan mendapat sejumlah bonus termasuk gratis upgrade memori, hingga bank cashback sampai sebesar Rp 2 juta. Selain itu, Samsung juga menyediakan promo cicilan nol persen serta promo trade-in bagi pengguna Galaxy S25 series, Galaxy S24 series maupun Galaxy S23 series untuk upgrade ke Galaxy S26 series, dengan benefit sampai Rp 1 juta. Rincian promosinya sebagai berikut: A post shared by Tekno Kompas.com (@teknokompas) Samsung S26 Ultra hadir layar Dynamic AMOLED 2X 6,9 inci, resolusi QHD Plus serta kecepatan refresh adaptif hingga 120 Hz. Layarnya dirancang dengan dua struktur piksel, yakni narrow dan wide pixel untuk menunjang fitur anti-intip Privacy Display."
"Samsung Galaxy S26 dan Galaxy S26 Plus Resmi, Pertama dengan Chip 2nm",http://tekno.kompas.com/read/2026/02/26/01050017/samsung-galaxy-s26-dan-galaxy-s26-plus-resmi-pertama-dengan-chip-2nm,"SAN FRANCISCO, KOMPAS.com - Samsung Galaxy S26 ""reguler"" dan Galaxy S26 Plus resmi meluncur global dalam acara Galaxy Unpacked yang digelar di Palace of Fine Arts, San Francisco, Amerika Serikat pada Rabu (25/2/2026) atau Kamis (26/2/2026) dini hari WIB. Kedua ponsel itu dirilis bersama Galaxy S26 Ultra dan menjadi bagian dari Galaxy S26 series. Jurnalis KOMPAS.com Lely Maulida meliput langsung peluncuran trio Samsung S26 Series ini di San Francisco. ""Kami persembahkan Samsung Galaxy S26 Series, ponsel Agentic AI kami,"" kata CEO & Head of Device Experience Samsung, TM Roh di atas panggung peluncuran. KOMPAS.com/Lely Maulida CEO & Head of Device Experience Samsung, TM Roh di atas panggung peluncuran Samsung Galaxy S26 Series yang digelar di an Francisco, California, AS, Kamis (26/2/2026) dini hari WIB. Samsung Galaxy S26 dan Galaxy S26 Plus secara umum ditenagai dengan chipset baru Samsung, yakni Exynos 2600. Ini merupakan chipset yang baru diumumkan pada Desember 2025 lalu dan didesain dengan fabrikasi 2 nanometer (nm), menjadikannya chipset pertama dengan fabrikasi tersebut. Di atas kertas, chipset ini memiliki CPU dengan clockspeed hingga 3,8 GHz dan GPU Xclips 960 yang menawarkan performa ray-tracing hingga 50 persen lebih tinggi dibanding Exynos 2500. Menurut Samsung, chip tersebut menjanjikan peningkatan hampir 40 persen untuk pemrosesan ke CPU, GPU hingga NPU. Selain dalam hal performa, dukungan chip tersebut juga diklaim menunjang peningkatan foto dalam kondisi minim cahaya serta mengurangi noise. Sebab, ISP pada chipset ini memiliki Visual Perception System berbasis AI yang memungkinkan pengenalan adegan serta obyek dengan lebih akurat. Selain Exynos 2600, Samsung Galaxy S26 dan Galaxy S26 Plus untuk beberapa pasar ditenagai dengan chipset Snapdragon 8 Elite Gen 5, seperti Galaxy S26 Ultra. Walau berbeda, kedua chip ini dipasangkan dengan konfigurasi RAM dan penyimpanan yang sama, yakni 12/256 GB dan 12/512 GB. Tidak ada lagi opsi storage 128 GB seperti Galaxy S25 dan Galaxy S25 Plus yang rilis awal tahun 2025 lalu. Tampilan kedua ponsel ini juga dibuat sama persis, membawa desain punggung baru, khususnya dari segi bingkai kamera belakang ponsel. Rumah kameranya kini didesain lebih minimalis, karena dilengkapi bingkai kapsul berwarna senada dengan kelir penampang ponsel. Konsep tersebut membuatnya berbeda dari Galaxy S25 series yang tidak memiliki bingkai menyerupai kapsul, sehingga lensa seolah-olah langsung tertanam di bodi. Samsung Galaxy S26 hadir dengan layar yang sedikit lebih besar menjadi 6,3 inci dari pendahulunya 6,2 inci. Kompas.com/Lely Maulida Tampilan layar Samsung Galaxy S26 Tidak hanya layarnya, Samsung juga meningkatkan kapasitas baterai ponsel ini menjadi sebesar 4.300 mAh dibanding pendahulunya 4.000 mAh. Karena peningkatan itu, bodi Galaxy S26 sedikit lebih berat yakni 167 gram, dari pendahulunya 162 gram. Samsung Galaxy S26 dan Galaxy S26 Plus memiliki spesifikasi kamera yang sama. Terdiri dari kamera utama 50 MP (f/1.8) dengan OIS dan zoom optis 2x, kamera telefoto 10 MP (f/2.4) dengan zoom optis 3x, dan kamera ultrawide 12 MP (f/2.2)."
"Resmi, Ini Harga Samsung Galaxy S26 Ultra, S26+, dan S26 di Indonesia Dibaca 15.380 kali",https://tekno.kompas.com/read/2026/02/26/01100077/resmi-ini-harga-samsung-galaxy-s26-ultra-s26-dan-s26-di-indonesia,"SAN FRANCISCO, KOMPAS.com - Samsung akhirnya resmi meluncurkan trio ponsel flagship Galaxy S26 series. Ponsel ini debut global dalam acara Galaxy Unpacked yang digelar di Palace of Fine Arts, San Francisco, Amerika Serikat pada Rabu (25/2/2026) atau Kamis (26/2/2026) pukul dini hari WIB. Jurnalis KOMPAS.com Lely Maulida meliput langsung hajatan besar Samsung tersebut di San Francisco. Samsung S26 series hadir dalam tiga model, mencakup Galaxy S26 ""reguler"", Galaxy S26 Plus dan Galaxy S26 Ultra. Bersamaan dengan peluncuran global, Samsung langsung membuka keran pemesanan (pre-order/PO) tiga ponsel andalannya itu bagi konsumen di Indonesia. Pre Order dibuka mulai tanggal 26 Februari 2026 pukul 01.00 WIB hingga 17 Maret 2026 pukul 23.59 WIB, di situs resmi Samsung. PO Samsung S26, S26 Plus, dan S26 Ultra bisa dilakukan di laman resmi Samsung dengan mengakses tautan berikut: Namun pengiriman unit PO akan dimulai dari tanggal 6 Maret 2026. Menurut Ilham Indrawan, MX Product Marketing Senior Manager Samsung Electronics Indonesia, pengiriman dilakukan sejak tanggal tersebut agar konsumen bisa segera menggunakan Galaxy S26 series saat hari raya Idul Fitri atau lebaran 2026 tiba, yakni sekitar 19 Maret 2026. ""Pengiriman akan dimulai tanggal 6 Maret 2026, sehingga konsumen bisa menerima unitnya lebih cepat. Sejak tanggal itu Galaxy S26 series juga mulai tersedia di toko offline,"" kata Ilham dalam sesi wawancara dengan media yang dan pengulas gadget yang menghadiri Galaxy Unpacked di San Francisco, California AS. Dalam kesempatan yang sama, Ilham juga mengungkap daftar harga Samsung Galaxy S26 series di Indonesia. Rinciannya sebagai berikut: Baik Samsung S26, Galaxy S26 Plus maupun Galaxy S26 Ultra, masing-masing hadir dalam empat opsi warna, yaitu Cobalt Violet, White, Black, dan Sky Blue. Konsumen yang melakukan PO, akan mendapat sejumlah bonus termasuk gratis upgrade memori, hingga bank cashback sampai sebesar Rp 2 juta. Selain itu, Samsung juga menyediakan promo cicilan nol persen serta promo trade-in bagi pengguna Galaxy S25 series, Galaxy S24 series maupun Galaxy S23 series untuk upgrade ke Galaxy S26 series, dengan benefit sampai Rp 1 juta. Rincian promosinya sebagai berikut: A post shared by Tekno Kompas.com (@teknokompas) Samsung S26 Ultra hadir layar Dynamic AMOLED 2X 6,9 inci, resolusi QHD Plus serta kecepatan refresh adaptif hingga 120 Hz. Layarnya dirancang dengan dua struktur piksel, yakni narrow dan wide pixel untuk menunjang fitur anti-intip Privacy Display."
